{"stat.useItem.35":331,"stat.fallOneCm":1324,"stat.useItem.323":3,"achievement.openInventory":45,"stat.jump":463,"achievement.exploreAllBiomes":{"value":0,"progress":["Desert"]},"stat.useItem.1":342,"stat.useItem.3":12,"stat.useItem.73":25,"stat.useItem.76":9,"stat.useItem.128":2,"stat.useItem.77":4,"stat.useItem.171":24,"stat.useItem.33":43,"stat.drop":1,"stat.useItem.24":76,"stat.flyOneCm":396464,"stat.useItem.29":38,"stat.leaveGame":4,"stat.useItem.28":2,"stat.useItem.154":20,"stat.useItem.356":76,"stat.useItem.331":254,"stat.useItem.69":9,"stat.walkOneCm":199490,"stat.swimOneCm":4284,"stat.useItem.44":1,"stat.useItem.66":3,"stat.useItem.404":3,"stat.playOneMinute":192090,"stat.useItem.408":5,"stat.useItem.23":19,"stat.useItem.20":54}