{"stat.useItem.143":2,"stat.useItem.323":69,"achievement.openInventory":148,"stat.useItem.89":3,"stat.jump":315,"achievement.exploreAllBiomes":{"value":0,"progress":["Desert"]},"stat.useItem.1":599,"stat.useItem.343":6,"stat.useItem.287":1,"stat.minecartOneCm":5312,"stat.useItem.3":296,"stat.useItem.328":2,"stat.useItem.5":9,"stat.useItem.72":1,"stat.useItem.76":151,"stat.useItem.77":17,"stat.useItem.123":4,"stat.damageDealt":140,"stat.useItem.12":3,"stat.useItem.70":15,"stat.useItem.33":58,"stat.useItem.131":2,"stat.useItem.27":61,"stat.drop":21,"stat.useItem.24":240,"stat.flyOneCm":274544,"stat.useItem.152":9,"stat.useItem.29":97,"stat.leaveGame":32,"stat.useItem.28":2,"stat.useItem.154":12,"stat.useItem.356":120,"stat.useItem.331":826,"stat.useItem.69":115,"stat.walkOneCm":1374489,"stat.useItem.66":20,"stat.useItem.404":19,"stat.playOneMinute":5279494,"stat.useItem.23":2,"stat.useItem.20":1}