{"stat.drop":4,"stat.useItem.323":9,"stat.useItem.24":36,"stat.flyOneCm":15510,"stat.useItem.152":2,"stat.useItem.29":14,"achievement.openInventory":34,"stat.useItem.154":1,"stat.useItem.356":12,"stat.useItem.331":114,"stat.jump":23,"achievement.exploreAllBiomes":{"value":0,"progress":["Desert"]},"stat.useItem.1":32,"stat.useItem.69":24,"stat.useItem.3":23,"stat.walkOneCm":100120,"stat.useItem.76":15,"stat.useItem.77":1,"stat.useItem.404":2,"stat.damageDealt":140,"stat.playOneMinute":231891,"stat.useItem.12":3,"stat.useItem.33":2}